{
    "PREP": 1.5856847763061523,
    "EPOCHS": [
        3.835625410079956,
        3.355114459991455,
        3.3565378189086914,
        3.3593170642852783,
        3.3531320095062256
    ]
}