{
    "PREP": 1.5898423194885254,
    "EPOCHS": [
        3.837754249572754,
        3.3460474014282227,
        3.343440055847168,
        3.353348970413208,
        3.3529369831085205
    ]
}