{
    "PREP": 1.5923216342926025,
    "EPOCHS": [
        3.7829904556274414,
        3.3914737701416016,
        3.3748080730438232,
        3.361821174621582,
        3.3614907264709473
    ]
}