{
    "PREP": 1.5822257995605469,
    "EPOCHS": [
        4.1447038650512695,
        3.648793935775757,
        3.6545708179473877,
        3.6468067169189453,
        3.652522563934326
    ]
}