{
    "PREP": 1.5779273509979248,
    "EPOCHS": [
        3.842656373977661,
        3.3719322681427,
        3.362128257751465,
        3.35031795501709,
        3.3579940795898438
    ]
}